{
    "rmse": 0.6521983511165035,
    "mae": 0.5078248975609315,
    "r2": 0.30584196613914405
}