{
    "rmse": 0.7931545560457747,
    "mae": 0.6576551272476187,
    "r2": 0.0305221917457702
}